date,wind_from_deg,wind_speed_kmh
2023-01-01,311.4115860495061,8.385416666666666
2023-01-02,210.89843736034973,7.689583333333333
2023-01-03,170.73451591705543,7.847916666666666
2023-01-04,96.18883958288029,10.021875
2023-01-05,90.23411446741932,11.507291666666667
2023-01-06,219.74504614331187,7.8062499999999995
2023-01-07,114.0218318910596,10.561458333333334
2023-01-08,139.43614862370066,12.59375
2023-01-09,122.25056973328947,12.401041666666668
2023-01-10,105.26580536659264,7.95
2023-01-11,205.02729423752984,12.8625
2023-01-12,111.36105967751502,11.347916666666666
2023-01-13,107.06219935745378,11.323958333333334
2023-01-14,137.83771602890272,11.955208333333333
2023-01-15,201.4981990549751,8.979166666666668
2023-01-16,159.74900991121376,8.605208333333334
2023-01-17,281.9581672411457,9.070833333333333
2023-01-18,178.2277983932546,10.432291666666666
2023-01-19,298.91558829848424,9.847916666666666
2023-01-20,252.00009967583884,9.185416666666667
2023-01-21,166.93481096024993,7.139583333333333
2023-01-22,298.9126202065584,8.36875
2023-01-23,242.29329357776083,9.036458333333334
2023-01-24,275.1978916619038,9.029166666666667
2023-01-25,300.6695739050756,7.594791666666667
2023-01-26,259.7086699123755,8.55625
2023-01-27,254.06431797529936,14.417708333333334
2023-01-28,279.5470961846817,13.140625
2023-01-29,33.50305921993288,11.280208333333334
2023-01-30,116.48232088843321,6.80625
2023-01-31,106.72430425811399,8.804166666666667
2023-02-01,99.37021368285758,8.658333333333333
2023-02-02,100.05272197668683,8.111458333333333
2023-02-03,113.0102666238796,9.554166666666665
2023-02-04,132.64762553721994,9.407291666666666
2023-02-05,200.2281460809442,13.08125
2023-02-06,256.5437673508886,16.13854166666667
2023-02-07,192.71810423909642,12.84375
2023-02-08,270.6438266916392,13.009375
2023-02-09,135.20757198596903,9.378125
2023-02-10,111.40655907367864,11.109375
2023-02-11,99.39267343322194,6.386458333333334
2023-02-12,146.37761262670222,5.761458333333334
2023-02-13,176.53726315636686,11.8875
2023-02-14,268.05839805066535,18.471875
2023-02-15,312.4376217237899,12.038541666666667
2023-02-16,150.2592050255946,9.560416666666667
2023-02-17,122.3647307814577,8.741666666666667
2023-02-18,179.3411412626417,8.003125
2023-02-19,218.8269533047121,12.077083333333333
2023-02-20,240.1504546923234,17.635416666666668
2023-02-21,247.0117111407357,20.595833333333335
2023-02-22,316.11384685015395,15.298958333333333
2023-02-23,110.04769972850823,15.767708333333335
2023-02-24,105.88783902881096,9.163541666666667
2023-02-25,94.87650417722841,7.709375
2023-02-26,209.08319985846978,11.44375
2023-02-27,175.1992772311787,12.747916666666667
2023-02-28,192.79847601733806,16.44375
2023-03-01,281.91667164231416,10.770833333333334
2023-03-02,201.70264916544483,14.463541666666668
2023-03-03,245.45732555201664,14.313541666666666
2023-03-04,107.74058115790666,11.395833333333332
2023-03-05,164.6587668660202,12.839583333333334
2023-03-06,172.5269465928743,9.93125
2023-03-07,120.0399143077675,10.927083333333332
2023-03-08,110.93117370784455,9.979166666666668
2023-03-09,139.31968028271808,13.5375
2023-03-10,182.39379075957598,19.55
2023-03-11,185.28596283081848,10.997916666666667
2023-03-12,105.3449424268988,9.001041666666666
2023-03-13,156.80238718074406,13.740625
2023-03-14,167.6231373647356,13.0875
2023-03-15,260.90759847361926,19.438541666666666
2023-03-16,121.61332546664732,7.184375
2023-03-17,95.81122834778643,8.242708333333333
2023-03-18,123.69799318999924,9.263541666666667
2023-03-19,106.9145341819156,10.171875
2023-03-20,203.33006618026624,11.241666666666667
2023-03-21,174.9006798952655,9.85625
2023-03-22,80.65469123069579,8.80625
2023-03-23,180.76196366484464,11.422916666666666
2023-03-24,254.65299286725244,18.119791666666668
2023-03-25,249.56592465597362,13.075
2023-03-26,262.1734889319751,13.160416666666666
2023-03-27,180.77529174222448,10.661458333333332
2023-03-28,93.6091391515838,13.521875000000001
2023-03-29,43.30157105321729,8.63125
2023-03-30,248.70471787572194,13.930208333333333
2023-03-31,222.77032508528583,15.389583333333334
2023-04-01,198.02083658094188,16.607291666666665
2023-04-02,214.31526034758926,11.375000000000002
2023-04-03,298.16300949384123,12.840625
2023-04-04,299.56532160380414,17.706249999999997
2023-04-05,241.26837564043825,11.871875
2023-04-06,146.82633255610426,14.962499999999999
2023-04-07,143.38822134885288,13.233333333333334
2023-04-08,182.52184160706264,10.179166666666667
2023-04-09,150.48979206302806,11.3875
2023-04-10,137.68949713217165,14.266666666666666
2023-04-11,219.3638452587954,15.85
2023-04-12,259.6591099710165,12.045833333333333
2023-04-13,257.5970103561049,18.157291666666666
2023-04-14,253.24682026680858,8.030208333333334
2023-04-15,139.8041592887705,11.1375
2023-04-16,155.3515909305538,15.028125
2023-04-17,196.87198860326248,11.213541666666668
2023-04-18,256.25091013932814,15.489583333333332
2023-04-19,232.2116880185054,11.097916666666666
2023-04-20,254.37831543221608,11.129166666666666
2023-04-21,278.5076357094343,12.717708333333334
2023-04-22,291.4750401846062,8.794791666666667
2023-04-23,147.80286579116398,9.532291666666666
2023-04-24,260.46444792281596,14.90625
2023-04-25,272.41881672910455,13.209375
2023-04-26,232.40607428926126,10.338541666666668
2023-04-27,310.8950742743875,14.554166666666667
2023-04-28,106.47759167831123,9.555208333333333
2023-04-29,101.66841645363536,6.813541666666667
2023-04-30,135.88328707176083,9.278125
2023-05-01,130.7347131986985,12.03125
2023-05-02,150.05289220859845,11.409375
2023-05-03,118.35205140486016,11.154166666666667
2023-05-04,128.4247607421122,12.672916666666666
2023-05-05,166.35833600108322,14.092708333333334
2023-05-06,220.39646911299735,10.013541666666667
2023-05-07,194.94364075609255,11.38125
2023-05-08,132.64876125143223,9.327083333333334
2023-05-09,245.3404092630864,8.284375
2023-05-10,341.80987907324595,7.728125
2023-05-11,305.52893669022245,8.535416666666666
2023-05-12,331.1272526145997,8.296875
2023-05-13,76.2227313534678,10.644791666666666
2023-05-14,92.36027777585485,14.707291666666666
2023-05-15,137.76221867446918,10.442708333333334
2023-05-16,234.77942937151778,8.579166666666666
2023-05-17,250.15119793305607,7.133333333333334
2023-05-18,51.707405277786336,6.251041666666667
2023-05-19,99.35242279288946,6.53125
2023-05-20,100.91478633335021,6.857291666666667
2023-05-21,175.82720540849039,7.238541666666666
2023-05-22,244.0266133513,14.207291666666666
2023-05-23,262.79232138736006,9.396875
2023-05-24,264.8014370927826,6.964583333333334
2023-05-25,167.10334036325298,5.842708333333333
2023-05-26,116.13431099460138,7.304166666666667
2023-05-27,239.38286608913404,8.403125
2023-05-28,223.2144794861855,9.163541666666667
2023-05-29,180.393683460558,8.24375
2023-05-30,161.85073384740474,8.425
2023-05-31,271.26007736107806,7.967708333333333
2023-06-01,260.4333524145592,9.591666666666667
2023-06-02,296.628134615625,9.75
2023-06-03,300.04774089524716,6.861458333333333
2023-06-04,134.8683934570306,7.233333333333333
2023-06-05,191.8641943255181,7.586458333333333
2023-06-06,117.13183662730836,7.278124999999999
2023-06-07,129.9362363292027,7.472916666666666
2023-06-08,98.88519354553756,6.658333333333333
2023-06-09,162.15505629671873,6.134375
2023-06-10,244.0988577514644,5.533333333333333
2023-06-11,16.68176631523511,5.722916666666666
2023-06-12,322.45897138664617,5.826041666666667
2023-06-13,223.31895458071014,9.379166666666666
2023-06-14,254.57995136226896,18.084375
2023-06-15,267.09114810936444,13.618749999999999
2023-06-16,275.8576628696952,9.905208333333334
2023-06-17,201.04837666393476,12.770833333333334
2023-06-18,244.98823336027067,14.988541666666666
2023-06-19,265.400089705343,14.40625
2023-06-20,246.49940086441833,10.138541666666667
2023-06-21,250.7836685937963,8.122916666666667
2023-06-22,20.32064034686732,7.221875
2023-06-23,286.34625188954703,10.188541666666666
2023-06-24,150.5220854744955,6.641666666666667
2023-06-25,87.01187429440427,8.277083333333334
2023-06-26,303.1680363519358,8.309375
2023-06-27,238.43418032942662,8.838541666666666
2023-06-28,257.5294393607138,8.473958333333332
2023-06-29,256.9791454787585,8.008333333333333
2023-06-30,310.93265520573533,7.463541666666667
2023-07-01,244.6646572719175,12.15625
2023-07-02,263.50969772930705,10.346874999999999
2023-07-03,278.03105946739447,11.998958333333333
2023-07-04,337.0401203554149,9.715625
2023-07-05,0.27133375044689956,7.432291666666667
2023-07-06,319.09831926996,7.760416666666666
2023-07-07,45.26386158760687,7.929166666666667
2023-07-08,27.774257677172557,7.009375
2023-07-09,130.4856672260599,7.179166666666667
2023-07-10,258.46156898688787,11.471875
2023-07-11,263.7805692664051,13.367708333333333
2023-07-12,272.60680229724437,8.098958333333334
2023-07-13,265.3935040988704,12.311458333333334
2023-07-14,283.10752431416984,10.188541666666666
2023-07-15,249.05840345470153,9.116666666666667
2023-07-16,242.72887835653722,8.039583333333333
2023-07-17,250.483407028398,14.722916666666666
2023-07-18,258.6816000614614,12.745833333333334
2023-07-19,261.90448141253,7.408333333333333
2023-07-20,211.52421232678373,9.216666666666667
2023-07-21,127.4759613039875,7.489583333333333
2023-07-22,233.1236434596397,8.336458333333333
2023-07-23,196.8736356918438,9.298958333333333
2023-07-24,186.8102816701237,13.74375
2023-07-25,254.44656821762743,12.665625
2023-07-26,267.15608520916237,9.715625
2023-07-27,262.52914009613426,9.24375
2023-07-28,267.77649830124506,8.85
2023-07-29,330.15196635844467,7.301041666666667
2023-07-30,268.31167884710294,10.178125
2023-07-31,252.63148495379102,9.19375
2023-08-01,202.35394020616923,7.988541666666666
2023-08-02,123.94215529347355,11.934375
2023-08-03,92.42706252327787,7.93125
2023-08-04,265.31418079880007,9.967708333333334
2023-08-05,108.93307798876515,6.565625000000001
2023-08-06,273.5540720475183,7.867708333333333
2023-08-07,253.17403257197037,11.255208333333334
2023-08-08,248.51464974800672,10.785416666666666
2023-08-09,179.75597560003405,10.133333333333333
2023-08-10,255.63229835589692,13.422916666666667
2023-08-11,248.50476623087025,10.464583333333334
2023-08-12,252.23802155482372,12.410416666666666
2023-08-13,327.8499623652376,8.922916666666667
2023-08-14,81.28499982843488,7.29375
2023-08-15,123.96884778325699,6.852083333333333
2023-08-16,233.86461253046076,8.677083333333332
2023-08-17,184.2887202076561,9.709375
2023-08-18,234.98279172192935,14.107291666666669
2023-08-19,229.13143256247074,7.429166666666666
2023-08-20,98.42014652322348,8.463541666666668
2023-08-21,155.2110743939669,13.65625
2023-08-22,170.0881554634086,11.553125
2023-08-23,193.02815996107384,7.009375
2023-08-24,42.610187007922434,5.30625
2023-08-25,67.23406592436572,7.714583333333334
2023-08-26,107.43479785682695,8.184375
2023-08-27,353.79212978408015,6.355208333333334
2023-08-28,80.037573728952,6.860416666666667
2023-08-29,225.08529179826488,15.628125
2023-08-30,244.5578817196374,16.5375
2023-08-31,147.28735885978227,9.702083333333334
2023-09-01,192.57602694534467,10.7
2023-09-02,174.0111215332073,8.251041666666666
2023-09-03,221.4613012489341,8.459375000000001
2023-09-04,261.70953486596227,14.903125
2023-09-05,163.50909284317686,8.310416666666667
2023-09-06,152.4087393153319,10.055208333333333
2023-09-07,164.5428237694448,8.1125
2023-09-08,230.29382978305603,8.13125
2023-09-09,82.88973888796784,6.362500000000001
2023-09-10,75.03490567226339,6.578125
2023-09-11,100.83684028474988,6.520833333333333
2023-09-12,207.94094474082294,7.669791666666667
2023-09-13,260.6274779524126,12.435416666666667
2023-09-14,301.4094297310294,6.482291666666667
2023-09-15,105.33720182409598,5.836458333333334
2023-09-16,132.21148738830573,7.53125
2023-09-17,127.55236240030644,9.165625
2023-09-18,230.62174718172423,9.978125
2023-09-19,243.5792953026368,11.959375
2023-09-20,263.78182305419597,11.046875
2023-09-21,341.8092141633483,10.453125
2023-09-22,241.3395809460493,10.065625
2023-09-23,152.00305223008286,9.439583333333333
2023-09-24,117.16269848816114,7.517708333333333
2023-09-25,145.88784145085026,11.827083333333334
2023-09-26,235.8998719858605,10.29375
2023-09-27,247.24240374002704,10.575
2023-09-28,242.61797053983912,10.907291666666667
2023-09-29,135.31366743437582,8.103125
2023-09-30,292.11818431669417,10.9375
2023-10-01,277.75291912091296,8.761458333333334
2023-10-02,254.24343589240425,9.598958333333334
2023-10-03,246.9120717774681,12.321875
2023-10-04,246.20574685424776,12.234375
2023-10-05,191.14121974555874,6.9520833333333325
2023-10-06,87.45656966409075,6.926041666666666
2023-10-07,94.61271784155798,6.640624999999999
2023-10-08,117.71827344677774,7.527083333333334
2023-10-09,134.38011160272822,10.2375
2023-10-10,202.00209765907084,9.094791666666666
2023-10-11,257.31447211107974,15.252083333333335
2023-10-12,295.30404913112284,11.619791666666668
2023-10-13,126.89218827216189,9.002083333333335
2023-10-14,126.9014991138053,8.035416666666666
2023-10-15,107.28977293729889,8.297916666666667
2023-10-16,125.37107773030243,8.964583333333334
2023-10-17,247.09345130131362,13.922916666666666
2023-10-18,209.53654496614817,7.455208333333333
2023-10-19,123.39408862059855,6.923958333333333
2023-10-20,148.22498795173692,5.592708333333333
2023-10-21,153.53406046221016,5.008333333333333
2023-10-22,40.54747097511239,7.690625
2023-10-23,258.5857883666214,12.480208333333334
2023-10-24,196.89202913155054,12.095833333333333
2023-10-25,221.5666095639652,12.220833333333333
2023-10-26,262.4833226521298,13.034375
2023-10-27,292.46434034353854,7.696875
2023-10-28,297.04877585912664,10.177083333333334
2023-10-29,121.68916561866081,6.10625
2023-10-30,103.1257030827536,4.629166666666666
2023-10-31,78.1721845900513,5.795833333333333
2023-11-01,131.81761475020812,4.367708333333333
2023-11-02,183.59768129883435,7.755208333333333
2023-11-03,226.03197184438181,8.297916666666666
2023-11-04,105.97371087614408,9.201041666666667
2023-11-05,195.6670241575577,11.086458333333333
2023-11-06,151.90500368053455,11.076041666666667
2023-11-07,245.9786692103313,13.726041666666667
2023-11-08,247.65078751092773,12.299999999999999
2023-11-09,144.08482630400533,7.305208333333334
2023-11-10,168.9708967648678,7.05
2023-11-11,179.3094356912493,12.637500000000001
2023-11-12,111.97011671043094,10.11875
2023-11-13,146.5954551046505,9.279166666666667
2023-11-14,145.24243364136555,6.267708333333334
2023-11-15,148.64512186094203,7.792708333333334
2023-11-16,238.77330768076595,8.484375
2023-11-17,102.06763163058946,6.108333333333333
2023-11-18,85.68081765743023,6.654166666666667
2023-11-19,270.0028439599564,17.655208333333334
2023-11-20,244.76211874267904,10.479166666666668
2023-11-21,104.31032237445731,7.426041666666666
2023-11-22,131.86702156347417,6.2125
2023-11-23,331.48691063511967,9.61875
2023-11-24,319.3696516351285,9.796875
2023-11-25,178.61073705810907,5.576041666666667
2023-11-26,133.502760298167,5.982291666666667
2023-11-27,106.3563094176302,5.804166666666667
2023-11-28,86.30741317873424,5.485416666666667
2023-11-29,203.3815514112661,4.066666666666666
2023-11-30,178.76264494865302,4.8500000000000005
2023-12-01,211.60676201085172,11.523958333333333
2023-12-02,206.88526952570493,17.675
2023-12-03,196.54160699831021,13.073958333333334
2023-12-04,189.47834948279137,12.104166666666666
2023-12-05,124.9556640496055,11.782291666666666
2023-12-06,111.54756173947897,11.226041666666667
2023-12-07,217.1297630518234,15.380208333333334
2023-12-08,261.0926264845557,14.584375000000001
2023-12-09,163.23035318737652,11.159375
2023-12-10,141.6194249692652,6.610416666666667
2023-12-11,73.09243888178162,5.00625
2023-12-12,332.0841525839615,6.107291666666667
2023-12-13,78.05178569243151,4.435416666666667
2023-12-14,130.15508679814303,4.628125
2023-12-15,96.07146082297191,5.417708333333334
2023-12-16,117.62512895987919,4.985416666666667
2023-12-17,102.47333611446015,5.403124999999999
2023-12-18,83.24461331650195,6.259375
2023-12-19,81.9394712623822,6.517708333333333
2023-12-20,97.41830134768941,5.848958333333333
2023-12-21,141.6390855236274,4.845833333333333
2023-12-22,129.51846769831513,6.827083333333333
2023-12-23,259.18099736135446,15.820833333333333
2023-12-24,144.10741840912556,7.041666666666667
2023-12-25,98.27632783721583,5.80625
2023-12-26,100.02223419557913,6.230208333333334
2023-12-27,105.32811066143103,11.204166666666667
2023-12-28,89.20831887088565,6.907291666666667
2023-12-29,82.29677692829966,7.3125
2023-12-30,72.70367673263195,6.666666666666667
2023-12-31,162.6413595414781,5.035416666666666
2024-01-01,83.1950916986479,4.701041666666667
2024-01-02,94.15404055883562,5.788541666666667
2024-01-03,68.80607874452198,6.485416666666667
2024-01-04,256.22852201013006,11.005208333333334
2024-01-05,256.76475641200324,13.315624999999999
2024-01-06,167.59518663834353,15.9875
2024-01-07,270.80293251796326,13.925
2024-01-08,198.19013283952694,11.876041666666666
2024-01-09,198.0610294111373,20.108333333333334
2024-01-10,234.10321171497816,16.384375
2024-01-11,243.91766240483605,15.35
2024-01-12,266.23454364869644,20.023958333333333
2024-01-13,86.21814825120146,9.464583333333334
2024-01-14,281.29430649422835,6.523958333333334
2024-01-15,353.19768986139536,7.789583333333333
2024-01-16,84.62906297720042,6.4625
2024-01-17,195.5716935292806,9.341666666666667
2024-01-18,222.042217678165,11.238541666666666
2024-01-19,75.51962209292765,6.887499999999999
2024-01-20,62.62970289132056,6.49375
2024-01-21,127.3220884288665,9.127083333333333
2024-01-22,119.80257525220338,9.238541666666666
2024-01-23,173.182886124736,5.744791666666667
2024-01-24,148.49348451516119,9.478124999999999
2024-01-25,247.4442237384389,8.085416666666667
2024-01-26,178.74366750890385,7.877083333333333
2024-01-27,110.60951939766682,7.705208333333333
2024-01-28,108.81615766804134,7.407291666666667
2024-01-29,89.2326424309291,6.898958333333333
2024-01-30,95.5676375787682,7.014583333333333
2024-01-31,103.76487521544425,11.05
2024-02-01,120.12037586798465,11.427083333333332
2024-02-02,245.7350394150614,9.065625
2024-02-03,241.13509977904815,13.311458333333334
2024-02-04,153.8737413650839,12.414583333333333
2024-02-05,115.5708072148762,11.993749999999999
2024-02-06,54.332402559796435,6.544791666666667
2024-02-07,258.9439487341944,10.845833333333333
2024-02-08,231.62550645002884,10.38125
2024-02-09,245.55594937739244,9.775
2024-02-10,259.0231312498783,8.335416666666667
2024-02-11,158.4861306968096,8.421875
2024-02-12,154.89781452176737,7.357291666666667
2024-02-13,173.93348006887982,4.685416666666667
2024-02-14,144.55943605741834,11.009375
2024-02-15,208.86424011582116,14.840625
2024-02-16,295.8626118130422,13.1125
2024-02-17,96.1318250115284,11.632291666666667
2024-02-18,93.087970961167,7.768749999999999
2024-02-19,89.04764751345465,10.127083333333333
2024-02-20,140.64903838528915,10.142708333333333
2024-02-21,182.418881140152,7.128125000000001
2024-02-22,200.76303515953435,8.972916666666666
2024-02-23,174.76932173736884,7.7562500000000005
2024-02-24,179.59485213177538,11.289583333333333
2024-02-25,198.3690095263974,16.104166666666668
2024-02-26,240.2105160927317,19.341666666666665
2024-02-27,259.8691391993874,16.81145833333333
2024-02-28,160.21015689231194,17.8125
2024-02-29,153.01799526706475,18.561458333333334
2024-03-01,165.98757649604318,12.835416666666667
2024-03-02,201.50373016479415,17.011458333333334
2024-03-03,184.67553171396622,10.4125
2024-03-04,202.8904066684581,14.007291666666667
2024-03-05,179.09753526748545,12.7
2024-03-06,248.21306967633427,8.954166666666667
2024-03-07,283.17035108316827,7.797916666666667
2024-03-08,137.56972411424226,7.086458333333334
2024-03-09,126.98460645668467,12.95625
2024-03-10,151.1462265091062,13.194791666666667
2024-03-11,188.05830942987103,9.746875
2024-03-12,193.2155096476118,12.319791666666667
2024-03-13,274.31247225084496,15.961458333333333
2024-03-14,320.46384531055514,9.401041666666666
2024-03-15,58.909673865095556,7.501041666666666
2024-03-16,73.07084046368277,5.609375
2024-03-17,84.8274449678683,6.304166666666666
2024-03-18,139.80043280566565,5.713541666666666
2024-03-19,171.76241354345711,6.901041666666667
2024-03-20,178.07128582440419,8.953125
2024-03-21,247.99196242348344,15.984375
2024-03-22,153.4548123520483,10.377083333333335
2024-03-23,182.55340308900878,11.242708333333333
2024-03-24,284.13424896215577,12.965625
2024-03-25,269.00240886823804,12.378125
2024-03-26,251.25103187753894,13.238541666666666
2024-03-27,167.8612267548208,15.732291666666667
2024-03-28,221.27861887760315,11.717708333333334
2024-03-29,153.55555752844634,7.7197916666666675
2024-03-30,52.432413290187526,6.621875
2024-03-31,319.8213937928343,11.195833333333333
2024-04-01,274.3477906995591,11.552083333333332
2024-04-02,201.69626726081356,9.402083333333334
2024-04-03,157.86949659125082,12.853125
2024-04-04,203.10939643290362,12.216666666666667
2024-04-05,241.59558764496853,12.226041666666667
2024-04-06,253.29762382491995,16.175
2024-04-07,251.74951722157573,13.992708333333333
2024-04-08,243.18395208830285,12.170833333333334
2024-04-09,240.51438968375197,13.385416666666666
2024-04-10,251.4236155580203,9.273958333333333
2024-04-11,153.80301800930113,9.557291666666668
2024-04-12,141.82115777919876,12.165625
2024-04-13,149.0462187331707,10.279166666666667
2024-04-14,164.65583306773647,12.863541666666666
2024-04-15,262.7927976384277,18.089583333333334
2024-04-16,255.3479039637317,17.496875
2024-04-17,286.67974258920447,15.711458333333333
2024-04-18,81.47072379122608,8.495833333333334
2024-04-19,68.16283527740381,8.401041666666668
2024-04-20,74.47089322353338,8.067708333333334
2024-04-21,264.9090898921989,16.358333333333334
2024-04-22,248.7500754060036,11.068750000000001
2024-04-23,225.67173540934093,5.279166666666667
2024-04-24,235.86345754414367,8.490625
2024-04-25,252.15175209051168,13.022916666666665
2024-04-26,272.6342510423944,14.670833333333334
2024-04-27,268.41934653106296,16.684375
2024-04-28,253.27088386369138,16.071875
2024-04-29,260.73824203256345,17.344791666666666
2024-04-30,246.81844899560144,12.930208333333335
2024-05-01,263.1303857476682,14.454166666666666
2024-05-02,170.18788765526108,9.894791666666666
2024-05-03,239.16132119808861,8.364583333333332
2024-05-04,112.5444121234516,16.50208333333333
2024-05-05,229.6661853611171,14.459375000000001
2024-05-06,255.34022975927252,21.258333333333333
2024-05-07,275.7773337673896,20.378125
2024-05-08,292.26769938461507,15.780208333333333
2024-05-09,10.46820280997025,10.764583333333333
2024-05-10,49.383865738811835,8.360416666666666
2024-05-11,295.0839857936555,9.158333333333333
2024-05-12,242.6427993413939,11.228124999999999
2024-05-13,222.91955760512755,12.794791666666667
2024-05-14,286.65663000228744,12.380208333333334
2024-05-15,290.5558151961184,9.838541666666668
2024-05-16,244.51168186411263,14.876041666666667
2024-05-17,268.7339643656946,21.222916666666666
2024-05-18,238.65728228548846,9.859375
2024-05-19,265.5704524105802,16.905208333333334
2024-05-20,277.10773028199975,14.448958333333334
2024-05-21,258.4630298670803,12.002083333333333
2024-05-22,244.54702647330402,15.761458333333334
2024-05-23,261.3261173596534,15.188541666666666
2024-05-24,189.37591973424162,10.24375
2024-05-25,248.01561840388842,16.4625
2024-05-26,246.98650387175383,15.530208333333334
2024-05-27,119.93779355656159,6.679166666666667
2024-05-28,139.14864622244852,9.863541666666666
2024-05-29,262.3804606440595,20.363541666666666
2024-05-30,257.06065376779145,13.553125
2024-05-31,245.0880098859168,8.798958333333333
2024-06-01,265.98680959537285,7.930208333333333
2024-06-02,249.72115958914196,12.969791666666666
2024-06-03,242.38974614519023,16.833333333333336
2024-06-04,234.34237623478677,15.864583333333334
2024-06-05,253.88011557170023,14.428125
2024-06-06,215.36661782291677,7.380208333333334
2024-06-07,257.4606801580532,8.43125
2024-06-08,271.028691028483,9.703125
2024-06-09,242.2139555673416,8.59375
2024-06-10,254.3846291931593,13.820833333333333
2024-06-11,240.36876086050034,13.089583333333334
2024-06-12,257.5302370776124,14.791666666666666
2024-06-13,271.7596436659218,6.888541666666667
2024-06-14,255.1990510262478,14.444791666666667
2024-06-15,263.0872907265476,18.558333333333334
2024-06-16,260.27821083674047,11.746875
2024-06-17,271.5774011304744,18.703125
2024-06-18,218.6014449769705,8.901041666666666
2024-06-19,76.25684621704687,7.165625
2024-06-20,38.84042752368384,8.739583333333334
2024-06-21,302.19750854019014,8.40625
2024-06-22,115.4697938915412,7.970833333333333
2024-06-23,243.43440874149093,13.815625
2024-06-24,253.40739466695953,13.289583333333333
2024-06-25,296.2996343534445,8.545833333333334
2024-06-26,185.20552212183915,12.105208333333334
2024-06-27,258.2782284506138,20.052083333333332
2024-06-28,253.89517299895618,11.526041666666666
2024-06-29,50.95614079190295,6.729166666666667
2024-06-30,263.6151728425367,16.727083333333333
2024-07-01,268.48369445921446,15.943750000000001
2024-07-02,263.6757068965659,11.144791666666666
2024-07-03,280.569421650813,15.080208333333333
2024-07-04,302.155065469783,9.163541666666667
2024-07-05,266.5602648382778,10.0875
2024-07-06,287.997063627992,11.288541666666667
2024-07-07,311.495284220928,9.36875
2024-07-08,253.78701741107943,7.791666666666667
2024-07-09,227.08987086421416,6.747916666666667
2024-07-10,56.13177848067943,9.145833333333334
2024-07-11,256.57040860159185,12.459375000000001
2024-07-12,260.7131194430044,9.389583333333333
2024-07-13,238.60549736077252,8.572916666666666
2024-07-14,238.2467768861796,12.526041666666666
2024-07-15,266.1588360982997,10.457291666666666
2024-07-16,252.96183679284104,8.13125
2024-07-17,151.65993276505458,7.935416666666667
2024-07-18,236.38645611779256,8.782291666666666
2024-07-19,276.35163885738746,8.95625
2024-07-20,333.1537442782624,8.279166666666667
2024-07-21,81.89215502560523,8.023958333333333
2024-07-22,90.04954989820283,8.489583333333332
2024-07-23,294.5782547814182,8.45
2024-07-24,190.44647936442936,9.742708333333333
2024-07-25,213.40970723244916,16.146875
2024-07-26,252.58458292347157,11.605208333333334
2024-07-27,242.0117897273921,8.405208333333333
2024-07-28,260.86699011478527,9.064583333333333
2024-07-29,254.1677954787608,11.416666666666668
2024-07-30,252.52414495929838,12.980208333333334
2024-07-31,232.5283410660059,6.815624999999999
2024-08-01,107.43568381688681,6.170833333333333
2024-08-02,88.75931853663536,5.863541666666666
2024-08-03,213.785676468624,8.641666666666666
2024-08-04,255.88353440440204,11.884375
2024-08-05,131.7574613429174,7.904166666666667
2024-08-06,273.0569242993157,10.2625
2024-08-07,279.54435399528825,12.61875
2024-08-08,7.892671540366564,7.878125
2024-08-09,2.065363983428881,9.133333333333333
2024-08-10,314.7986592384609,9.575
2024-08-11,56.03714564704552,7.080208333333333
2024-08-12,200.91040796731127,13.557291666666668
2024-08-13,244.4561104984758,11.439583333333333
2024-08-14,321.78780800690726,7.364583333333334
2024-08-15,320.80831603492777,8.648958333333333
2024-08-16,263.6836263754927,8.720833333333333
2024-08-17,163.42775670488106,10.755208333333334
2024-08-18,193.24030885737648,10.14375
2024-08-19,202.74850481991584,9.740625
2024-08-20,253.74324402819144,10.735416666666666
2024-08-21,258.85835460322846,12.405208333333334
2024-08-22,137.65551484642725,10.96875
2024-08-23,216.3820140389643,15.651041666666666
2024-08-24,255.27172277758874,11.933333333333334
2024-08-25,263.94590492261005,10.601041666666667
2024-08-26,242.37195713094275,8.057291666666666
2024-08-27,176.67321921140228,12.278125000000001
2024-08-28,262.2966847540183,18.08125
2024-08-29,220.08335842291544,5.876041666666667
2024-08-30,135.60440517750624,5.195833333333334
2024-08-31,81.22059383534537,5.6625
2024-09-01,165.915659474103,7.282291666666667
2024-09-02,135.86833152657846,9.359375
2024-09-03,252.7595075016536,12.286458333333334
2024-09-04,227.83068995807523,6.622916666666667
2024-09-05,94.49232117313056,7.161458333333333
2024-09-06,77.96197839119213,5.635416666666667
2024-09-07,118.54484603062394,5.929166666666666
2024-09-08,161.68546900137926,8.635416666666668
2024-09-09,216.57895102449507,10.544791666666667
2024-09-10,194.79499120418595,9.511458333333334
2024-09-11,241.7868620128512,12.55
2024-09-12,252.60506898763697,16.488541666666666
2024-09-13,210.28702721144697,9.054166666666667
2024-09-14,148.76421259026313,8.616666666666667
2024-09-15,226.6913520485845,9.608333333333334
2024-09-16,334.4544373601596,8.694791666666667
2024-09-17,215.05139417228241,8.90625
2024-09-18,239.01794294963878,12.758333333333333
2024-09-19,188.02602008158874,7.00625
2024-09-20,257.91678181395673,11.590625
2024-09-21,307.5689670804425,8.316666666666666
2024-09-22,249.43645937249377,7.503125
2024-09-23,240.1040698287768,10.976041666666667
2024-09-24,149.31962309527944,7.394791666666666
2024-09-25,164.8945972889651,11.570833333333333
2024-09-26,238.28728397046456,13.009375
2024-09-27,186.00407273643987,6.730208333333334
2024-09-28,129.4001786163501,8.053125
2024-09-29,252.39076790939347,16.873958333333334
2024-09-30,266.78962325773506,10.873958333333334
2024-10-01,167.40506089112364,7.847916666666666
2024-10-02,244.6190203948497,12.546875
2024-10-03,229.55844970581867,6.967708333333333
2024-10-04,224.9797113470897,11.811458333333334
2024-10-05,237.62697294186032,12.516666666666667
2024-10-06,153.64026775559432,5.977083333333334
2024-10-07,154.62014374663283,6.3
2024-10-08,139.46399763910438,6.904166666666667
2024-10-09,144.41666920287253,8.99375
2024-10-10,237.53268410979717,7.253125
2024-10-11,259.60365131035655,6.1125
2024-10-12,349.7826492168428,6.614583333333334
2024-10-13,307.1090224563609,6.0093749999999995
2024-10-14,153.8994118045175,6.479166666666667
2024-10-15,146.96068379632482,7.130208333333334
2024-10-16,241.04066789547065,13.860416666666667
2024-10-17,253.29885968098154,15.184375
2024-10-18,299.705921204346,13.865625
2024-10-19,188.84288744217793,7.859375
2024-10-20,156.03539583217037,8.060416666666667
2024-10-21,181.25195971068678,12.509374999999999
2024-10-22,225.7755098555988,9.888541666666667
2024-10-23,260.38805268583695,9.05
2024-10-24,245.6852225118962,13.288541666666667
2024-10-25,92.4008924108673,7.907291666666667
2024-10-26,125.99231612791857,6.641666666666667
2024-10-27,197.26934102538115,12.922916666666667
2024-10-28,245.7471908516755,13.683333333333334
2024-10-29,296.84363202080806,15.31875
2024-10-30,167.39282262344466,10.728125
2024-10-31,178.34722719223032,10.46875
2024-11-01,145.00015890871435,13.2
2024-11-02,187.7348617699203,10.207291666666666
2024-11-03,269.01144884051735,13.225
2024-11-04,215.4142238102385,14.245833333333334
2024-11-05,284.18495680890936,16.280208333333334
2024-11-06,280.59646540646247,7.382291666666667
2024-11-07,105.20700784057016,4.66875
2024-11-08,103.97139681392036,4.686458333333333
2024-11-09,100.52200365472487,5.248958333333333
2024-11-10,79.16531739592568,5.821875
2024-11-11,126.88271973166121,10.818750000000001
2024-11-12,251.44500340462565,15.611458333333333
2024-11-13,144.45137087985296,14.768749999999999
2024-11-14,175.31547695899417,9.983333333333333
2024-11-15,311.1295343148224,10.564583333333333
2024-11-16,247.2570707551316,14.665624999999999
2024-11-17,156.81493260708658,14.465625000000001
2024-11-18,242.8274140482726,15.3125
2024-11-19,168.4657148545516,12.407291666666667
2024-11-20,86.30142573050807,13.5125
2024-11-21,88.43976201352518,9.203125
2024-11-22,99.55168114763933,9.476041666666667
2024-11-23,200.3944901125418,9.369791666666666
2024-11-24,195.34099499200582,10.485416666666666
2024-11-25,126.13234485324097,9.145833333333334
2024-11-26,270.57148625018976,7.800000000000001
2024-11-27,256.3787897992595,9.60625
2024-11-28,180.93782546243804,5.830208333333333
2024-11-29,162.29077056157792,4.635416666666666
2024-11-30,140.2491228081899,4.072916666666666
2024-12-01,64.28942433851421,3.765625
2024-12-02,54.29247221148961,3.4677083333333334
2024-12-03,294.5669236012406,2.3114583333333334
2024-12-04,171.58444060583702,2.40625
2024-12-05,301.57615952623513,3.0677083333333335
2024-12-06,237.84292860854086,3.091666666666667
2024-12-07,146.76066744660375,4.857291666666667
2024-12-08,238.50233724332668,12.380208333333334
2024-12-09,246.77398067825072,10.891666666666667
2024-12-10,229.59518833833042,7.848958333333334
2024-12-11,64.42878711553408,5.2
2024-12-12,67.98489877483416,6.970833333333333
2024-12-13,170.0288656330497,9.444791666666667
2024-12-14,136.880463431507,10.853125
2024-12-15,230.189035861167,13.842708333333333
2024-12-16,121.18425457759167,8.095833333333333
2024-12-17,189.93735606203887,8.466666666666667
2024-12-18,180.81396142166983,12.01875
2024-12-19,90.36927008607313,7.222916666666666
2024-12-20,72.02405304834679,5.552083333333334
2024-12-21,89.05410734280883,5.93125
2024-12-22,178.9620797860739,5.785416666666666
2024-12-23,189.52766908667425,7.371875
2024-12-24,116.08192168646559,12.263541666666667
2024-12-25,239.11719342365814,13.245833333333334
2024-12-26,181.2124894894097,15.367708333333333
2024-12-27,186.0930184230476,11.526041666666666
2024-12-28,194.64828145174258,14.623958333333333
2024-12-29,184.62488695761454,11.230208333333334
2024-12-30,238.66115635597345,11.976041666666667
2024-12-31,193.88777274733957,5.635416666666667
2025-01-01,111.14352321225533,6.541666666666666
2025-01-02,202.99194186034842,7.455208333333333
2025-01-03,67.42923649631405,7.055208333333334
2025-01-04,242.92086145551136,13.240625
2025-01-05,210.36911773801924,8.085416666666667
2025-01-06,324.8113357082916,5.905208333333333
2025-01-07,108.42938358934623,4.275
2025-01-08,289.1246287122095,7.011458333333334
2025-01-09,151.1572322357432,4.913541666666666
2025-01-10,170.7339731467373,6.209375
2025-01-11,270.26320319650046,12.811458333333334
2025-01-12,253.63596458851143,8.369791666666668
2025-01-13,248.71665512206613,9.41875
2025-01-14,232.10971180292694,4.848958333333333
2025-01-15,96.45406142801664,6.092708333333333
2025-01-16,108.3161928664428,5.559375
2025-01-17,295.68867248476124,11.412500000000001
2025-01-18,288.04155469095855,6.727083333333334
2025-01-19,330.23315341259286,5.882291666666667
2025-01-20,100.05121527886297,7.057291666666666
2025-01-21,142.50670438124388,6.919791666666667
2025-01-22,279.4206430187522,6.751041666666667
2025-01-23,113.3944734807493,6.272916666666667
2025-01-24,313.4807207751984,5.768750000000001
2025-01-25,54.64751251815261,9.116666666666667
2025-01-26,82.21649376045843,5.3125
2025-01-27,151.11604008550688,3.35
2025-01-28,41.71094146378476,3.53125
2025-01-29,79.36551962755146,4.383333333333334
2025-01-30,118.66556991077414,5.9156249999999995
2025-01-31,135.4613180801482,12.266666666666666
2025-02-01,208.6552531686769,15.226041666666667
2025-02-02,170.6203301331941,10.086458333333333
2025-02-03,155.46651868126696,6.697916666666666
2025-02-04,97.62356688504144,9.045833333333334
2025-02-05,244.99552400021435,14.465625
2025-02-06,89.02123000629007,7.202083333333333
2025-02-07,268.11701541348145,13.465625
2025-02-08,234.50741002147092,10.030208333333334
2025-02-09,244.8683955367332,6.620833333333334
2025-02-10,300.9954534093157,5.813541666666667
2025-02-11,292.1092429593568,8.0625
2025-02-12,270.0781876602666,4.979166666666667
2025-02-13,88.4998673427882,11.784375
2025-02-14,222.34376270042102,7.932291666666666
2025-02-15,241.50504637038512,13.311458333333334
2025-02-16,180.48066720169516,7.291666666666666
2025-02-17,234.41074271013582,11.271875000000001
2025-02-18,232.24338316432988,10.763541666666667
2025-02-19,129.14824989080262,7.270833333333334
2025-02-20,263.5011213163046,12.13125
2025-02-21,199.94214933763791,6.480208333333333
2025-02-22,121.43327213300557,8.210416666666667
2025-02-23,149.88319670813235,11.689583333333333
2025-02-24,176.69228311904658,12.85625
2025-02-25,238.37208700973218,14.645833333333334
2025-02-26,179.3737503987843,7.328125
2025-02-27,111.67541809822967,6.571875
2025-02-28,90.34573962099375,4.165625
2025-03-01,88.79700973067037,6.0562499999999995
2025-03-02,103.59652907535201,6.877083333333333
2025-03-03,281.2152383950198,12.353125
2025-03-04,241.2730153046541,10.397916666666667
2025-03-05,164.58802590350524,7.902083333333334
2025-03-06,325.3861790136289,12.441666666666666
2025-03-07,299.89691948164426,10.85625
2025-03-08,183.11866849458747,8.06875
2025-03-09,152.05334905254517,10.75625
2025-03-10,196.42831694149763,9.869791666666668
2025-03-11,171.69846571472078,9.353125
2025-03-12,154.10123448848753,12.45
2025-03-13,218.47906418878694,15.422916666666666
2025-03-14,203.32935208312287,12.239583333333332
2025-03-15,211.3955127480278,15.790625
2025-03-16,182.00001480399405,18.954166666666666
2025-03-17,203.33019176507327,10.394791666666666
2025-03-18,291.4037659565895,16.03125
2025-03-19,159.17565057383422,12.83125
2025-03-20,244.44325528062313,14.736458333333333
2025-03-21,193.625519889286,12.045833333333334
2025-03-22,255.87493234027727,16.60729166666667
2025-03-23,199.00083390462666,13.001041666666666
2025-03-24,224.22492580109113,12.440625
2025-03-25,136.9814618657,8.101041666666667
2025-03-26,115.03797600476821,8.444791666666667
2025-03-27,174.03984911257373,11.997916666666665
2025-03-28,222.57563846827668,12.447916666666666
2025-03-29,249.79637724576952,11.01875
2025-03-30,153.20927421970543,10.40625
2025-03-31,181.1247747247853,11.48125
2025-04-01,240.04619742809768,12.209375000000001
2025-04-02,242.65696115477942,10.709375
2025-04-03,266.24055212376015,9.166666666666668
2025-04-04,326.3912548204237,7.288541666666667
2025-04-05,121.37872801081761,5.959375
2025-04-06,182.30795927586587,6.482291666666667
2025-04-07,171.63241503282427,10.940625
2025-04-08,230.76772124591483,13.717708333333334
2025-04-09,226.72006636231018,9.498958333333334
2025-04-10,152.70377693809996,9.465625
2025-04-11,243.28927546078575,9.385416666666666
2025-04-12,261.60010206350654,15.838541666666668
2025-04-13,306.39015098227253,10.171875
2025-04-14,116.54865775571409,5.735416666666667
2025-04-15,192.73046408020568,6.95
2025-04-16,280.4253140275515,14.369791666666666
2025-04-17,329.9261076129554,18.469791666666666
2025-04-18,355.77506503985654,10.886458333333332
2025-04-19,217.50131771054942,11.878125
2025-04-20,238.8689917581391,13.523958333333333
2025-04-21,253.14596471010788,15.813541666666667
2025-04-22,248.84152903507868,8.703125
2025-04-23,318.4766381900054,7.659375
2025-04-24,318.2342518188531,6.690625000000001
2025-04-25,84.7607266174337,11.162499999999998
2025-04-26,207.2158542223315,8.0375
2025-04-27,199.39529450892599,9.389583333333334
2025-04-28,236.68135391116138,8.804166666666667
2025-04-29,243.14870896946837,13.408333333333333
2025-04-30,257.9264081871569,11.073958333333334
2025-05-01,208.06488048446423,5.135416666666667
2025-05-02,146.92768939698362,7.410416666666666
2025-05-03,222.3743257444398,10.526041666666666
2025-05-04,264.21822797281686,16.015625
2025-05-05,322.87564817699564,16.979166666666668
2025-05-06,336.4806155456672,5.9989583333333325
2025-05-07,179.71955558916204,8.494791666666668
2025-05-08,237.90327327986796,10.536458333333334
2025-05-09,157.0157039226076,8.628125
2025-05-10,180.08544447954057,10.815625
2025-05-11,185.31186584441514,11.9625
2025-05-12,251.55907616501358,12.11875
2025-05-13,249.45808546556836,13.429166666666667
2025-05-14,259.56528938272044,17.532291666666666
2025-05-15,252.01511861161555,13.061458333333333
2025-05-16,232.11863146331513,10.583333333333332
2025-05-17,177.06711359097267,8.328125
2025-05-18,270.7119742739026,20.211458333333333
2025-05-19,250.07978904694102,12.485416666666666
2025-05-20,245.10302252966954,14.496875
2025-05-21,224.15599303353892,8.535416666666666
2025-05-22,297.32694856304255,10.246875
2025-05-23,304.73474614430285,5.95
2025-05-24,336.9669730974779,6.472916666666666
2025-05-25,124.77422294507562,5.560416666666667
2025-05-26,265.7227328149361,10.440625
2025-05-27,251.45753238645875,11.36875
2025-05-28,4.9774132596228355,5.904166666666667
2025-05-29,269.34304127422064,9.858333333333334
2025-05-30,253.4233605201772,10.58125
2025-05-31,181.31076526521258,9.241666666666667
2025-06-01,266.4148789122919,17.077083333333334
2025-06-02,287.05113371525323,16.01875
2025-06-03,304.7393935274149,12.457291666666666
2025-06-04,300.8494518652705,9.063541666666666
2025-06-05,324.4431453877989,7.838541666666667
2025-06-06,225.2408373494275,8.603125
2025-06-07,255.0106141668484,10.94375
2025-06-08,314.9771556298874,7.828125
2025-06-09,234.95133839245344,8.746875
2025-06-10,233.76384255090926,10.725000000000001
2025-06-11,243.74317384718893,8.66875
2025-06-12,244.2285931739874,7.298958333333333
2025-06-13,237.28809991988305,8.54375
2025-06-14,253.83129829901324,9.911458333333334
2025-06-15,273.7869769305298,8.216666666666667
2025-06-16,274.88038181821565,8.433333333333334
2025-06-17,276.7820910120286,9.270833333333334
2025-06-18,212.60289914785304,9.119791666666666
2025-06-19,259.9563612133776,9.434375
2025-06-20,264.0259286259462,15.266666666666666
2025-06-21,250.15963724813503,15.783333333333335
2025-06-22,263.7803748606256,14.425
2025-06-23,201.21346674358207,5.520833333333334
2025-06-24,118.4472877812222,6.953125
2025-06-25,181.4130817939263,9.9875
2025-06-26,252.33233652548967,11.879166666666666
2025-06-27,253.61333687803437,12.583333333333334
2025-06-28,253.78582968455407,14.055208333333333
2025-06-29,265.4380690763228,8.208333333333332
2025-06-30,164.82952141558155,5.796875
2025-07-01,181.54939110727693,7.1864583333333325
2025-07-02,206.4804406123432,11.867708333333333
2025-07-03,231.32264640127795,11.31875
2025-07-04,242.96228876749126,9.602083333333333
2025-07-05,257.3298263268145,10.402083333333334
2025-07-06,244.4129563664073,9.144791666666666
2025-07-07,244.92397486620445,6.610416666666666
2025-07-08,178.23279762299057,8.454166666666666
2025-07-09,258.8379530636863,12.702083333333333
2025-07-10,262.51000895270863,16.057291666666664
2025-07-11,304.7679417728729,10.23125
2025-07-12,244.0955086784905,10.611458333333335
2025-07-13,244.18369032190586,10.061458333333333
2025-07-14,245.83203114875192,12.692708333333334
2025-07-15,291.725591717893,14.708333333333334
2025-07-16,318.66516905227223,8.801041666666666
2025-07-17,235.72157010846053,9.751041666666666
2025-07-18,243.699225231002,9.321875
2025-07-19,246.257745195467,14.284375
2025-07-20,252.8945444975827,11.004166666666666
2025-07-21,264.65404367262374,10.570833333333333
2025-07-22,255.82172816088053,10.455208333333333
2025-07-23,259.8407880249434,9.494791666666666
2025-07-24,219.9519454195183,9.934375
2025-07-25,215.2269329593616,9.338541666666666
2025-07-26,230.06553303490205,9.663541666666667
2025-07-27,240.21149247098793,8.928125000000001
2025-07-28,265.6002605184862,7.448958333333334
2025-07-29,322.6001884983457,6.833333333333333
2025-07-30,62.02750939850796,7.895833333333333
2025-07-31,253.18832625625254,9.935416666666667
2025-08-01,249.87435478578206,10.54375
2025-08-02,259.058393965327,11.407291666666666
2025-08-03,212.09477711796112,7.276041666666667
2025-08-04,264.5628422446106,11.367708333333333
2025-08-05,236.8669852365335,9.408333333333333
2025-08-06,264.3402832543359,9.170833333333334
2025-08-07,255.3924481805496,14.65625
2025-08-08,282.3759040754355,12.527083333333334
2025-08-09,247.77437056387424,8.68125
2025-08-10,267.5786482585211,8.177083333333332
2025-08-11,269.1996928412623,6.902083333333334
2025-08-12,229.66353397523204,7.014583333333333
2025-08-13,245.80269676359117,12.2125
2025-08-14,246.4994912034076,11.555208333333333
2025-08-15,233.9317593403499,10.280208333333333
2025-08-16,230.09617442235808,9.955208333333333
2025-08-17,240.81156776536344,9.227083333333333
2025-08-18,221.04795110249904,6.478125
2025-08-19,209.75902809413233,6.195833333333333
2025-08-20,255.85086138957675,10.930208333333333
2025-08-21,277.08743515347817,9.601041666666667
2025-08-22,287.2731319289559,6.492708333333333
2025-08-23,347.1509959331005,6.739583333333334
2025-08-24,248.6672129045122,8.155208333333333
2025-08-25,125.19841407087904,5.467708333333333
2025-08-26,146.41950397337962,5.7124999999999995
2025-08-27,236.00857645809842,8.235416666666666
2025-08-28,236.44123237298692,9.091666666666667
2025-08-29,330.71640239904616,5.8875
2025-08-30,188.13029968332978,5.538541666666667
2025-08-31,100.239837831192,7.897916666666667
2025-09-01,99.7665178755305,7.355208333333333
2025-09-02,57.33518624726895,6.052083333333334
2025-09-03,230.6325406760265,6.405208333333333
2025-09-04,304.66247636390864,8.339583333333334
2025-09-05,81.37764364309879,7.769791666666666
2025-09-06,214.31123484764225,7.091666666666667
2025-09-07,167.45972286958488,7.059374999999999
2025-09-08,119.70700252011483,6.270833333333334
2025-09-09,356.1405669302218,7.201041666666667
2025-09-10,262.6874730773685,7.560416666666667
2025-09-11,240.48245098185478,7.6125
2025-09-12,252.89171274058322,6.927083333333333
2025-09-13,222.28122597031452,7.921875
2025-09-14,241.26863128088164,10.940625
2025-09-15,244.8792646655944,11.704166666666666
2025-09-16,82.95951141013666,6.152083333333333
2025-09-17,83.79392742144177,6.955208333333333
2025-09-18,100.6628349597695,5.058333333333334
2025-09-19,91.33340362010028,4.683333333333334
2025-09-20,180.57190344822106,7.696875
2025-09-21,225.5391382900354,10.982291666666667
2025-09-22,271.90096012785034,11.762500000000001
2025-09-23,95.26325103774877,5.679166666666667
2025-09-24,115.6283381631402,6.358333333333333
2025-09-25,154.23619632749455,6.965625
2025-09-26,244.14237460868964,13.914583333333333
2025-09-27,125.25735017547453,6.344791666666667
2025-09-28,149.98047132422636,5.509375
2025-09-29,154.19870880921872,8.247916666666667
2025-09-30,174.1702915916651,10.329166666666667
2025-10-01,165.3168005790244,7.769791666666667
2025-10-02,235.73005453578367,6.402083333333334
2025-10-03,269.3084737373891,9.328125
2025-10-04,273.18604091963493,15.433333333333334
2025-10-05,287.0526921182242,9.284375
2025-10-06,114.30664050366704,4.542708333333334
2025-10-07,116.05140055732676,6.851041666666666
2025-10-08,131.0081817996736,9.144791666666666
2025-10-09,109.31994166376506,7.802083333333333
2025-10-10,149.88872551312193,12.641666666666666
2025-10-11,244.15598421244107,15.157291666666667
2025-10-12,211.53794339055236,12.644791666666666
2025-10-13,55.34074303958357,8.158333333333333
2025-10-14,315.95370968161086,6.246874999999999
2025-10-15,310.9602461882356,5.390625
2025-10-16,252.059256397486,10.740625
2025-10-17,224.20968594710112,12.146875
2025-10-18,237.7636095556943,8.783333333333333
2025-10-19,208.74229760950368,12.814583333333333
2025-10-20,233.74234973530713,10.771875000000001
2025-10-21,106.72519249705084,5.275
2025-10-22,102.9670219631115,6.332291666666666
2025-10-23,233.35539746080198,6.65
2025-10-24,147.81044023526107,10.010416666666666
2025-10-25,182.36609027881283,12.146875
2025-10-26,182.43727750315088,12.917708333333334
2025-10-27,252.49525076617815,13.145833333333334
2025-10-28,131.65758401920556,9.207291666666666
2025-10-29,138.2917393149856,8.469791666666666
2025-10-30,175.78520672297236,3.910416666666667
2025-10-31,126.5133159052798,2.5041666666666664
2025-11-01,158.05613075913175,9.258333333333333
2025-11-02,242.7966377211518,12.630208333333334
2025-11-03,142.1817264664104,6.80625
2025-11-04,180.0582684261823,8.886458333333334
2025-11-05,132.19381907142315,11.39375
2025-11-06,206.9766079364359,14.346874999999999
2025-11-07,241.9433107910713,14.359375
2025-11-08,161.58682705272759,5.069791666666667
2025-11-09,87.42129093430583,5.486458333333333
2025-11-10,105.98482553892995,4.780208333333333
2025-11-11,196.77396719016474,5.503125000000001
2025-11-12,101.39209770362106,4.796875
2025-11-13,136.0110913088032,9.16875
2025-11-14,213.92132850411463,11.037500000000001
2025-11-15,184.3975167425007,8.634374999999999
2025-11-16,115.32687345742045,7.427083333333334
2025-11-17,196.55615368471496,8.411458333333332
2025-11-18,189.56537123310025,6.002083333333333
2025-11-19,180.3015923180027,4.369791666666666
2025-11-20,274.7061012711063,4.502083333333333
2025-11-21,240.56634375069362,7.410416666666666
2025-11-22,149.82243051553644,6.941666666666666
2025-11-23,159.94149856585136,5.266666666666667
2025-11-24,254.06852241073113,13.040625
2025-11-25,159.66728322943732,5.213541666666666
2025-11-26,227.7579991869614,5.154166666666667
2025-11-27,53.34100214265948,4.002083333333333
2025-11-28,282.26839718683595,10.154166666666667
2025-11-29,91.10412540368617,8.3375
2025-11-30,297.1466665056651,9.590625
2025-12-01,210.9874435754137,8.447916666666666
2025-12-02,256.8031767977717,9.18125
2025-12-03,240.70937824180697,8.059375
2025-12-04,211.6270871276132,10.757291666666667
2025-12-05,214.05250423210703,12.561458333333334
2025-12-06,253.24468272542038,16.023958333333333
2025-12-07,182.24152129969286,12.407291666666667
2025-12-08,200.45663272676757,14.9375
2025-12-09,225.14896991633236,16.709375
2025-12-10,211.8180513095185,16.696875
2025-12-11,222.79980907915242,15.854166666666666
2025-12-12,205.4607862509941,10.707291666666666
2025-12-13,193.71729986430066,8.165625
2025-12-14,108.42406563428199,6.1625
2025-12-15,160.5897447281925,8.190625
2025-12-16,201.77739611699235,13.041666666666668
2025-12-17,254.1210875372958,24.383333333333333
2025-12-18,150.4196933123867,13.151041666666666
2025-12-19,223.68087603493012,19.202083333333334
2025-12-20,199.25263737264743,12.066666666666666
2025-12-21,136.5205415504588,7.504166666666666
2025-12-22,167.42588047034292,10.283333333333333
2025-12-23,110.73479090209099,7.965625
2025-12-24,123.31729749830617,13.120833333333334
2025-12-25,159.27114715740754,12.623958333333333
2025-12-26,183.5800624132807,14.380208333333334
2025-12-27,269.749269298237,17.922916666666666
2025-12-28,276.53265307966376,8.804166666666667
2025-12-29,104.00697224421606,5.541666666666666
2025-12-30,78.47165447953887,5.203125
2025-12-31,74.78983399937147,4.800000000000001
2026-01-01,60.714784047601654,3.29375
2026-01-02,200.24810138739545,7.354166666666666
2026-01-03,131.92946181201944,10.876041666666666
2026-01-04,161.87416713656648,14.318750000000001
2026-01-05,185.84401437282366,12.198958333333334
2026-01-06,197.69339766849646,13.594791666666667
2026-01-07,212.16234733206315,14.047916666666667
2026-01-08,257.4505729895546,14.615625
2026-01-09,219.316523678245,11.552083333333334
2026-01-10,172.62094811069755,7.397916666666666
2026-01-11,107.35483667002518,5.917708333333334
2026-01-12,151.6166974947132,4.991666666666667
2026-01-13,217.12307148947482,4.15625
2026-01-14,160.99499748180892,3.223958333333333
2026-01-15,240.84742825580918,6.135416666666667
2026-01-16,116.58981967916179,4.827083333333333
2026-01-17,173.3190218337155,3.1979166666666665
2026-01-18,320.3547994662494,3.625
2026-01-19,185.19638440733988,4.922916666666667
2026-01-20,244.80689163671127,4.375
2026-01-21,43.37183728634085,3.490625
2026-01-22,357.6252115467031,2.9645833333333336
2026-01-23,349.2462444056352,5.829166666666667
2026-01-24,248.34194702502683,8.595833333333333
2026-01-25,219.52096058125628,7.441666666666666
2026-01-26,81.98492958847567,4.452083333333333
2026-01-27,107.93238469462426,4.21875
2026-01-28,230.07207626586776,7.1468750000000005
2026-01-29,191.94359890893313,6.55
2026-01-30,125.2880132003811,5.45625
2026-01-31,136.80067284559277,4.371875
2026-02-01,97.92794209765441,5.408333333333333
2026-02-02,198.36412067005452,7.3500000000000005
2026-02-03,223.41754208084066,5.68125
2026-02-04,112.29541298175093,3.814583333333333
2026-02-05,79.78613642750366,5.407291666666667
2026-02-06,84.28818815298769,4.142708333333333
2026-02-07,203.0843019351739,6.617708333333334
2026-02-08,170.97569752186905,10.100000000000001
2026-02-09,250.2075825876792,14.856250000000001
2026-02-10,102.854731737728,9.139583333333333
2026-02-11,58.22633516938885,5.034375000000001
2026-02-12,256.82696835367886,4.940625000000001
2026-02-13,160.42787404226362,7.2
2026-02-14,150.30867184927524,8.677083333333332
2026-02-15,135.12089765851294,4.886458333333333
2026-02-16,147.561646070557,12.153125
2026-02-17,203.2705262097498,16.075000000000003
2026-02-18,251.57021304238444,12.927083333333332
2026-02-19,178.47442524209146,11.280208333333333
2026-02-20,263.8306606768323,8.5125
2026-02-21,127.24447416076612,9.11875
2026-02-22,119.04230687075977,9.965625
2026-02-23,157.97823396799845,9.527083333333334
2026-02-24,188.9443497730578,10.469791666666666
2026-02-25,237.32986180852765,15.81875
2026-02-26,215.0710646001626,13.009374999999999
2026-02-27,212.6100773769584,12.951041666666667
2026-02-28,192.51165478344126,7.729166666666666
2026-03-01,144.56832159869396,3.578125
2026-03-02,257.00962848685026,6.559374999999999
2026-03-03,186.56111145247,9.370833333333334
2026-03-04,175.9585369973977,13.262500000000001
2026-03-05,263.6795190758381,19.797916666666666
2026-03-06,285.24129364293344,12.570833333333333
2026-03-07,217.14398272179636,13.296875
2026-03-08,211.62142033532345,15.186458333333334
2026-03-09,250.70336538971148,16.538541666666667
2026-03-10,249.4988188689799,15.076041666666667
2026-03-11,186.92055243410766,14.848958333333334
2026-03-12,249.72869457220503,20.89270833333333
2026-03-13,233.95923831355628,13.516666666666666
2026-03-14,272.6949771482415,20.961458333333333
2026-03-15,285.87767884265804,9.219791666666666
2026-03-16,227.24573347520527,10.595833333333333
2026-03-17,204.2826900112888,11.480208333333332
2026-03-18,191.78794026105643,10.786458333333332
2026-03-19,197.74534038596138,10.28125
2026-03-20,179.03545620021123,10.929166666666667
2026-03-21,256.12206348762226,12.977083333333333
2026-03-22,239.5845512945982,10.834375
2026-03-23,199.9352900668026,4.5875
2026-03-24,201.2078314665035,10.860416666666666
2026-03-25,239.52682013056028,12.897916666666667
2026-03-26,260.7207709938852,17.34375
2026-03-27,114.67422402325775,6.659375
2026-03-28,222.2518662726905,7.137500000000001
2026-03-29,205.00486315529318,11.420833333333334
2026-03-30,254.56551316182913,13.428125
2026-03-31,208.8248277256128,9.626041666666667
